operacion,hilos,operaciones,duracion_s,ops_por_s,p50_ms,p99_ms,exitosas_pct
GET stock (Redis directo),1,10000,0.9976,10024.064,0.0897,0.133,100.0
GET stock (Redis directo),8,10000,0.4086,24473.7332,0.2779,0.7041,100.0
GET stock (Redis directo),32,10000,0.4046,24713.7275,1.0385,3.9444,100.0
GET stock (Redis directo),64,10000,0.4111,24323.0638,2.0518,8.4249,100.0
consultar_disponibilidad,1,10000,0.9692,10317.5475,0.0898,0.1006,100.0
consultar_disponibilidad,8,10000,0.4179,23931.6106,0.2796,0.7398,100.0
consultar_disponibilidad,32,10000,0.3959,25257.2371,1.0443,3.6839,100.0
consultar_disponibilidad,64,10000,0.4093,24431.656,2.0418,7.5741,100.0
crear_reserva_temporal,1,10000,44.9255,222.5909,4.0129,9.018,100.0
crear_reserva_temporal,8,10000,10.6317,940.5847,8.4363,12.1948,100.0
crear_reserva_temporal,32,10000,3.6076,2771.9176,11.6371,17.1288,100.0
crear_reserva_temporal,64,10000,1.6346,6117.859,9.9608,21.0057,100.0
confirmar_reserva,1,10000,39.2888,254.5256,3.959,7.995,100.0
confirmar_reserva,8,10000,12.9086,774.6753,10.103,17.0433,100.0
confirmar_reserva,32,10000,3.2154,3110.0243,9.8691,25.6698,100.0
confirmar_reserva,64,10000,1.6433,6085.4033,10.1306,18.8139,100.0
agregar_item (carrito),1,10000,63.2232,158.1697,5.964,13.0897,100.0
agregar_item (carrito),8,10000,20.1444,496.416,16.048,20.1138,100.0
agregar_item (carrito),32,10000,4.808,2079.8871,15.5278,19.5029,100.0
agregar_item (carrito),64,10000,1.9567,5110.6896,12.0677,19.8098,100.0
verificar_intento (usuario + IP),1,10000,40.6168,246.2038,3.9754,8.0042,100.0
verificar_intento (usuario + IP),8,10000,9.8892,1011.2013,7.9868,10.022,100.0
verificar_intento (usuario + IP),32,10000,2.8648,3490.6231,9.0463,16.732,100.0
verificar_intento (usuario + IP),64,10000,1.2431,8044.3784,7.8881,14.7802,100.0
